i,y
1,1.448167351
2,2.767281359
3,2.624342254
4,2.875575
5,3.332937815
6,2.062081539
8,2.846845878
9,2.39729944
10,2.976993749
11,3.101842612
12,1.383414387
13,3.164167156
14,3.017046151
15,1.696756647
16,2.566491993
17,3.255986491
18,2.366108194
19,2.712787715
20,2.784572216
21,2.789796426
22,2.231200063
23,3.346870087
24,2.4585346
25,2.957619466
26,2.472557139
27,3.004714593
28,2.276391863
29,2.051196614
30,2.949432823
31,2.696729612
32,1.798953208
33,2.629985316
34,2.822237441
35,2.968699741
36,2.560419796
37,2.865333597
38,2.782085271
39,2.889526263
40,3.566840488
41,2.301884875
42,2.817425288
44,2.155177753
45,2.129945234
46,1.329505457
48,3.047448648
49,2.081861889
50,3.231741834
51,2.581799371
52,2.043453592
55,2.374066247
56,3.26843801
57,2.362062036
58,2.869139162
59,2.638945803
60,3.075749423
61,3.410637679
62,1.997392348
63,1.863636865
65,3.825740139
66,1.954481589
67,2.424155992
68,3.522475605
69,2.67343496
70,2.72242429
71,2.748252926
72,2.6929833
73,2.083475518
74,3.734398913
75,2.256714828
76,3.212367452
77,3.00534132
78,3.778726996
79,2.431867064
80,1.696419035
81,2.335162267
82,3.22954073
83,1.600996787
84,2.677077261
85,2.415693008
86,2.025960311
87,2.610872869
88,2.772647874
89,2.749907251
90,2.416926628
91,2.284144708
92,3.087389673
93,2.882636131
94,3.562202469
95,2.391752152
96,3.401070268
97,3.657063987
98,3.315952212
99,2.671900783
100,1.865784381
101,1.679782179
102,3.51333214
104,2.86501048
105,2.664593679
106,2.824354182
108,2.25011155
110,3.261820717
111,3.042835173
112,3.458707282
113,2.45350682
114,3.389379323
115,1.728448855
116,3.185075019
117,2.552860651
118,2.508978549
119,3.013246902
120,2.521677331
121,3.063961338
122,2.297774251
123,1.7666039
124,3.073503406
125,3.215537232
126,1.87916082
127,3.26174374
129,2.37865543
130,1.62642663
131,3.346320485
132,3.148086915
133,2.876383635
134,2.379791592
135,2.280439589
137,2.292333551
138,3.49482885
139,3.126670953
140,2.042737944
141,2.536436632
142,2.416375479
143,2.051952168
144,3.481513681
145,3.298802823
146,2.511454683
147,1.949205125
148,2.172500152
149,3.498202189
150,3.060497979
151,2.038469045
152,2.82408094
153,1.861264982
154,2.942789581
155,2.772536402
156,3.877584648
157,2.414312773
158,3.250749582
159,2.594926849
163,2.643311556
164,3.625334038
165,2.568022919
166,3.707173838
167,3.30440274
168,3.993608593
169,2.693443163
170,3.371102773
171,2.755623719
172,3.110605311
173,3.223685291
174,2.629876397
175,3.574448839
176,2.290434523
177,3.121462876
178,2.687841213
179,2.617351861
180,2.208491804
181,2.539718408
182,3.434116342
185,2.45611666
187,3.29742922
188,2.812121826
189,2.784844353
190,2.875705205
191,0.932879872
192,1.56507418
193,2.921324635
194,1.664300088
196,2.544989618
197,2.174085926
198,2.092015723
199,2.420712118
200,3.711090342
201,2.786265648
202,1.531392546
203,3.118249118
204,2.618452309
205,2.289996853
206,2.697386016
207,2.642353296
208,3.60421884
209,2.277358236
210,3.000561479
211,2.866129399
212,2.640792263
213,2.803063972
214,2.768788937
215,3.06850848
216,1.796220858
217,3.0381096
218,2.83219151
220,1.738759617
221,3.225612115
222,1.663380236
223,2.489285315
224,2.881534895
225,2.879437499
227,2.416315047
228,2.657640582
229,2.482610261
230,2.500719368
231,3.245393224
232,3.102053811
233,3.287437046
234,2.656342054
235,3.411637182
236,2.579815779
237,3.971856797
238,2.665914533
239,2.307558212
240,4.222285444
241,1.274571654
242,1.720211163
243,2.324843804
244,2.620138565
245,3.354238442
246,2.847828517
247,2.030972835
248,2.011434644
249,2.289780227
250,1.331415886
252,3.37519012
253,2.312852877
254,3.710875795
255,2.121651773
256,3.132837278
257,2.682906133
260,2.115921194
261,2.743087876
263,2.899751359
264,2.605547669
267,2.466958728
268,2.311523055
270,2.966522538
271,2.25311229
272,2.836258487
273,1.462749262
275,2.272836288
276,3.009793469
277,3.204887716
279,3.191477154
280,1.843604256
281,2.922596508
282,2.258779739
283,1.874554475
284,2.451107502
285,2.236785063
286,1.898528526
288,3.555617188
289,3.070170733
290,3.348653369
291,1.596694502
292,2.354428036
293,2.509574483
294,2.679872438
295,2.669539051
297,2.663182227
298,2.38924224
299,1.86024215
300,2.414331122
301,2.432595867
302,2.184026113
303,2.136300839
304,1.841428111
305,2.737765729
306,2.979547756
307,2.743093276
308,3.040993962
309,2.331070742
310,2.802063172
311,3.158658698
312,3.154340568
313,2.273437415
314,2.713237566
315,1.957896001
317,2.406690764
318,1.912797953
319,2.688529285
320,2.099382478
322,2.172168959
323,1.893632857
324,2.633690063
325,2.580943976
326,2.349164129
327,3.896024461
329,2.199469756
330,1.743687627
332,1.910418187
333,3.402507558
334,3.38989883
335,2.311818475
336,2.711811497
337,2.458977493
338,3.033544635
339,2.435726009
340,2.378911553
341,3.175741077
342,2.937765526
343,2.329457886
344,2.786669246
345,2.111771977
346,2.442011108
347,3.351067824
348,2.677522152
349,2.934192773
350,3.287141446
353,2.511244425
354,2.808545841
355,2.420896031
356,3.193493719
357,3.141122268
358,3.2832157
359,2.193878469
360,2.666375254
361,2.255382885
362,2.018377895
363,2.393896225
364,2.393284946
365,2.485534699
366,1.754700616
367,2.951981027
368,3.187284795
369,2.9298155
370,1.583815807
371,1.65962563
372,3.210222759
373,3.83736721
374,3.43604179
375,2.494497744
377,2.831084733
378,3.599596508
379,3.044251832
380,2.776490929
381,2.030554637
382,2.003529712
383,3.134215714
384,2.559913441
385,3.512327126
386,3.351092046
387,2.004720975
388,2.543657059
390,2.209919824
392,2.624498166
393,2.687301151
394,2.811011099
395,3.504243385
396,2.719103373
397,2.972812064
398,2.742935898
399,2.851307504
400,2.824756955
401,2.392873203
402,2.015421066
403,3.467927676
404,2.963714979
406,2.26005
407,3.283654636
408,3.756067027
409,2.324508754
410,1.575296244
411,2.04018631
412,2.963861198
413,2.622951286
414,2.966016457
415,2.090624143
419,3.452568591
420,2.527621125
421,1.971361842
422,3.543533429
423,2.443482117
424,2.215350874
425,3.369999407
426,2.99413025
427,2.942379587
428,3.438970181
430,2.09599355
431,1.87083153
432,3.143698663
433,2.053542649
434,2.418720397
435,2.867949497
436,3.206665387
437,1.980703032
438,2.567549611
439,2.16569968
440,2.500213738
441,1.882830237
442,2.798741586
443,2.059176284
444,2.002942378
445,2.019558498
446,2.597646937
448,1.841618642
449,3.432060047
450,2.894310462
451,2.80162494
453,3.617434824
454,3.640948377
455,1.343865568
456,1.997573248
457,3.271974013
458,2.993019376
459,2.222536354
460,2.051843571
461,3.552988414
462,2.049747137
463,3.24081026
464,3.10149813
465,3.386411412
466,3.439527132
467,2.048363999
468,3.173469278
469,2.747154029
470,1.339821718
471,4.0845631
472,2.713934435
473,2.577837323
474,2.423281207
475,2.486545415
477,2.875348186
478,3.344711393
481,3.293415731
482,2.356502992
483,2.815792574
484,2.117314962
485,2.855109716
486,3.959730869
487,2.638553298
488,3.313186085
489,1.664916515
490,3.126071648
491,1.693271915
492,2.206953216
493,2.866478734
494,3.75971558
495,1.599640645
497,2.681591672
498,2.907544813
499,2.027854074
500,3.238258125
501,2.879355847
502,3.064385545
503,2.384510901
504,2.44029036
505,2.680172741
506,2.032536357
507,2.51004457
508,2.232428319
509,2.626701821
510,2.724139424
511,2.632940918
512,3.425667033
513,2.838762708
514,2.810195008
515,1.654542961
516,3.040356271
517,2.392205073
518,2.13363173
519,2.059308616
520,2.54442789
521,2.872763077
522,2.177113562
524,2.825169524
525,3.067387421
526,2.956377787
527,3.269572535
528,3.501612486
529,2.086683681
531,3.308344751
532,2.397165523
533,2.868455668
534,2.952048249
535,2.14750228
536,3.493554544
537,1.675156247
538,3.062615275
540,3.122964713
542,1.953520136
544,2.786656353
545,1.569004492
546,2.437036975
547,2.239968133
548,3.234077683
549,3.127336695
550,3.042995089
552,1.72105304
554,2.341039277
555,2.267376462
556,2.827521664
557,3.228967007
558,2.065448104
559,2.547209434
560,2.594587464
561,3.209141856
562,2.399160654
563,1.836666374
564,3.071840137
565,3.494541713
566,2.310684927
567,1.465922927
568,2.364313503
569,2.62113095
570,2.146294267
571,2.305538068
572,3.238654341
573,2.224515268
574,2.234573085
575,1.169192183
576,3.155586608
577,2.665634404
578,2.295699213
579,2.574892957
580,3.88910534
581,1.849568286
582,2.328183723
583,3.209888339
584,1.936068161
585,2.374955599
586,2.347168657
587,3.348646162
588,3.370488781
589,1.502235903
590,2.264412569
591,3.772187606
592,2.178784518
593,2.150618413
594,2.434739514
595,2.643575036
596,1.933127946
597,2.653674097
598,1.908682501
599,1.952605781
600,3.282990232
601,2.530089588
602,1.715536241
604,1.843832709
605,2.725610049
606,2.967783524
607,1.764799492
608,3.065965183
609,2.921096224
610,3.043830919
611,1.699039098
612,3.039801828
613,2.273561204
615,3.246159766
616,3.02280698
617,3.64293033
618,1.93571341
620,2.128035283
621,2.900087915
622,3.954311953
623,2.075135505
624,2.416525502
625,2.142166663
626,2.497713519
627,1.977115509
628,2.4307544
629,2.834807822
630,2.76544126
632,3.433358878
633,2.30072637
634,2.751379087
635,2.985402276
636,3.234123853
637,1.890745073
638,2.326986258
639,2.304518839
640,3.13310206
641,2.867205099
642,2.231344561
643,3.053626893
644,2.825219247
645,1.982135387
646,2.435302216
647,2.260806546
648,3.405414903
649,2.809187972
650,2.566914195
651,2.331981245
652,3.303203807
653,2.334301925
654,2.587853058
655,2.120089501
656,2.181188085
658,2.424023426
659,2.007337226
661,3.582339448
662,3.693605304
664,2.780044158
666,1.451886346
667,3.170374546
668,2.780211911
669,2.866357049
670,1.996907591
671,2.217197945
672,2.484560132
673,2.724332683
674,3.034188302
675,4.014407985
676,2.70715702
677,1.471583479
678,2.414604562
679,2.425659236
681,1.802338895
683,3.312905977
684,2.290559612
686,2.590652455
688,2.042656636
689,1.71915863
690,2.031573617
691,2.966128392
692,2.086333026
693,2.144596199
694,2.449381673
695,3.3301818
696,2.072107016
697,2.893925777
698,2.157273834
699,2.956243035
700,1.783698999
701,2.588506826
703,2.162813138
704,3.133853683
705,3.373175587
706,3.170239744
707,2.787553389
708,2.383856447
709,2.298481057
710,2.691924459
711,2.517649061
712,3.517367591
713,2.196178768
714,1.912772987
716,2.016366283
717,2.435767841
718,2.815610731
719,2.069008727
720,3.19868471
721,3.429585554
723,2.399633479
725,1.97204186
726,2.699594299
727,2.760758088
728,1.379525463
730,2.211709846
733,2.920188504
734,1.936077557
736,2.545908014
737,3.739397046
738,1.707791639
739,3.304632073
740,1.862687059
741,2.262482501
742,2.588311312
743,3.442456784
744,2.176624728
745,2.331461787
746,3.917766541
747,2.297626818
748,2.695267569
749,3.063588259
750,3.005629836
751,2.937036674
752,2.847528563
753,2.273590028
754,3.024413833
755,2.539128656
756,3.487173172
757,2.523655777
758,3.347324965
759,3.119958875
760,2.268568959
761,2.172359011
762,2.860587234
763,3.33136303
764,3.336973904
765,3.271023558
766,2.482015268
768,3.307422166
769,2.922777431
770,3.576733466
771,3.433871922
773,3.311245511
774,2.695210214
775,2.129230186
776,1.719771785
777,2.368718583
778,2.601515725
779,3.434885585
781,2.301479139
782,2.864227537
783,1.772799932
784,2.996956775
785,2.964831153
786,2.905244063
787,2.957145113
788,2.264798069
789,2.810135637
790,3.180601563
791,2.211228809
792,2.8135893
793,2.44021483
794,3.06087965
795,2.653578882
796,2.712777521
797,2.696586194
798,3.532256694
799,2.098373785
800,2.099398877
801,2.604936741
802,1.863141731
803,2.710716719
804,2.494182295
805,1.550680676
806,2.916713417
807,1.77350443
808,3.665050664
809,2.462691414
810,3.60857175
812,2.951484817
813,2.285193548
814,2.12146763
815,2.810122087
816,2.922451696
817,3.146533165
818,2.184161581
819,2.44906243
820,2.587990521
821,3.249336892
823,2.563731197
824,1.958052138
825,2.406900091
826,3.059785392
827,2.143892369
828,2.531806677
829,2.530934523
830,2.575268981
831,2.611509689
832,3.007819865
833,3.518043136
834,2.102064451
835,3.354651348
836,1.422877875
837,3.457676615
838,3.205651928
839,2.350109398
840,3.494337155
841,2.521962913
842,3.198439842
843,2.582920735
844,2.875003535
845,2.12391846
846,3.133762416
847,1.43411822
848,3.291639087
849,2.323950429
850,2.748018431
852,2.397251878
853,2.539454473
855,2.526288987
856,2.567456372
857,3.303234223
858,2.857960609
859,1.483609454
860,2.544586867
861,2.569054129
862,2.212699724
863,2.637155827
864,3.039195401
865,1.609915075
866,2.609210618
867,2.709219633
868,3.511405499
869,2.468282448
870,2.401581729
872,3.251910473
873,2.513633852
874,2.910973394
875,2.946888739
876,3.417473068
877,2.303758621
878,2.03687843
879,2.0454633
881,3.399203451
882,1.549513984
883,3.77583541
884,2.829929681
885,1.31845253
886,2.309433729
887,3.213991386
888,2.567300801
889,2.830393629
890,3.542439242
891,2.282968825
892,3.127993237
893,2.447281211
894,2.233868919
895,1.994230967
896,3.16218115
897,2.105812234
898,3.07029231
899,2.600134973
900,2.423587988
901,2.297095647
902,3.117060676
905,3.540283348
906,2.017529698
908,2.816475506
909,1.903399387
910,3.57525986
911,2.90346205
912,2.324142366
913,3.480472179
915,2.562961627
916,2.617031772
917,2.797023999
918,2.582280541
919,2.187196136
920,3.535785129
921,2.997250215
922,2.85669754
926,3.02344964
927,2.421436582
928,2.113700745
929,3.225816368
930,3.7144227
931,2.641401317
932,2.101081257
933,1.377240487
934,2.462568641
935,2.509365318
936,2.407374505
937,2.089175074
938,2.31861723
939,1.916594344
940,2.451284823
941,1.839890324
942,3.271016354
943,2.773327783
944,2.897964668
945,2.017274771
946,3.459498371
947,3.340880365
948,2.865299304
951,2.527872306
952,2.441860757
953,3.544775971
954,2.204313664
955,3.500213229
956,3.171689635
957,2.257968169
959,2.965878406
960,1.997246805
961,2.475326929
962,2.618919928
963,2.533038472
964,3.224570692
965,2.419060547
966,2.793214828
967,2.501331118
968,3.252213582
970,2.640776864
971,2.699232992
972,1.659125017
975,1.210136583
976,1.592389044
977,2.459470789
978,2.603005844
979,2.684305001
980,2.771394751
981,2.225784591
982,1.7642
983,3.154674897
984,2.73680949
985,2.672470564
986,3.108924371
987,2.920653405
988,2.144067931
989,2.05666438
990,3.206781187
991,2.221869733
992,2.690207815
994,2.104777089
996,1.987836467
997,3.308797685
998,2.879200048
999,3.062186837
1000,2.353722046
1001,3.139179422
1003,3.614631736
1004,2.402837527
1005,2.936885428
1007,3.146373593
1008,2.798390285
1009,2.623208641
1010,3.088322897
1011,2.941204617
1012,1.341701201
1013,3.104436141
1015,2.933038971
1016,2.427972302
1017,2.766919122
1020,2.148721318
1021,2.729427061
1022,1.613072905
1023,2.914834039
1024,2.021148396
1025,3.221724193
1026,2.848650584
1027,3.360933087
1028,2.681006416
1029,2.604426797
1030,2.165003917
1031,2.8682338
1032,3.474768081
1033,2.327444099
1034,3.559475606
1035,2.143565458
1036,2.433760106
1037,2.335224277
1038,1.955639756
1039,2.371962191
1040,2.194254298
1041,3.427627764
1043,2.273245633
1044,3.607329424
1045,2.516455586
1046,2.705459759
1047,3.101840067
1048,1.882660332
1049,3.235009465
1050,2.069013937
1051,2.873311572
1052,3.045900099
1053,2.901812221
1054,1.815047792
1055,2.11794907
1056,2.347831226
1057,2.301345657
1058,3.022133902
1061,3.358027769
1062,2.647700676
1063,3.15617447
1064,2.638835319
1065,3.123051648
1066,2.257345234
1067,2.842809196
1069,1.354808988
1070,2.730765166
1071,2.641666532
1074,3.396528462
1075,3.661814819
1076,3.413219253
1077,3.289760157
1078,2.969592527
1079,2.275984367
1080,2.329143979
1081,1.774895079
1082,2.628710762
1083,2.897089075
1085,2.791293139
1086,2.710765584
1087,1.748387087
1089,3.101274341
1090,2.349148922
1091,2.104388452
1092,2.770257496
1093,2.450073147
1094,1.787415414
1095,2.065205666
1096,2.592384678
1097,2.704600483
1098,2.07383542
1099,3.417059885
1100,3.22524757
1102,2.403798411
1103,3.236749802
1104,1.943208831
1105,3.322010385
1106,2.419572511
1108,2.341572274
1109,1.462179238
1110,2.549118471
1111,2.907183853
1112,2.374986907
1113,3.052546362
1116,2.406464722
1117,2.607591313
1118,3.339407708
1119,2.390210052
1120,2.974622653
1121,2.820279188
1122,2.371316534
1123,2.667120956
1124,2.534210275
1125,2.247812809
1126,2.249314713
1127,2.45686845
1128,2.536557762
1130,3.117768207
1132,2.870074585
1133,2.697670023
1134,2.652303892
1135,3.216209835
1136,2.580400756
1137,2.984284025
1138,2.254444986
1139,2.449455757
1140,2.852054752
1141,2.633389104
1142,2.744659081
1143,2.535667628
1144,3.025111781
1145,3.391085248
1146,2.224915518
1147,3.188349744
1148,2.951542909
1149,3.01724962
1150,2.110469691
1151,2.472635516
1152,1.899385109
1153,1.874619984
1154,3.135068814
1155,2.212247516
1156,3.297063707
1157,2.269215049
1158,2.992266124
1159,3.458556736
1160,2.365084016
1161,3.619687139
1162,2.841036359
1163,2.476942528
1164,2.204732448
1166,2.677128623
1167,2.902543272
1169,1.877468441
1170,3.453893352
1171,3.267363462
1173,2.667547258
1174,2.337004602
1176,3.331929707
1177,1.682149774
1179,3.410844081
1180,2.460139693
1181,2.39221037
1182,3.165475953
1183,2.820698533
1184,3.072940447
1186,3.416033733
1187,1.323164241
1188,2.208048138
1189,2.532238669
1190,3.435369975
1191,3.124534768
1192,3.37548242
1193,3.458750829
1194,2.824400683
1195,2.739110984
1196,3.231594088
1197,2.855917422
1198,2.957172598
1200,3.123879133
1201,3.197171414
1202,3.146092984
1204,2.416222057
1205,1.914996127
1206,3.269437688
1207,2.479931953
1208,3.123990811
1210,2.072445387
1211,3.028169482
1213,2.629731128
1214,1.845547414
1215,2.397462064
1216,2.871935078
1217,2.646831116
1218,2.666230528
1219,2.741164869
1221,2.928767333
1222,3.102331514
1223,2.131783806
1224,3.106755102
1225,3.32184978
1226,2.944100915
1227,2.779955385
1228,3.718757418
1229,3.410167248
1230,1.613516012
1231,2.603968091
1233,3.058461864
1234,2.974149903
1235,2.305600127
1236,2.300055355
1237,2.833314349
1238,2.291817631
1240,1.492974912
1241,1.454242309
1242,2.739491528
1243,2.219947285
1244,3.350875094
1245,2.531732682
1246,2.035368697
1247,3.616915454
1248,3.058110779
1249,2.582356923
1250,3.142029214
1251,1.837059847
1252,2.680880088
1253,2.220966215
1255,2.800904927
1256,3.482057935
1257,2.837100384
1258,2.034024113
1260,2.415953145
1261,2.924944276
1262,3.928499577
1263,1.789037906
1264,2.156177948
1265,2.009842177
1266,3.627694115
1267,2.504153086
1269,2.935107473
1271,2.949910484
1272,3.037560887
1273,2.964377264
1274,1.894602159
1275,2.599838624
1276,2.227567935
1277,2.657045424
1278,2.986613009
1279,2.312151062
1280,3.234098572
1281,2.978286633
1282,3.081910998
1283,2.537034918
1284,1.863346767
1285,2.53714043
1286,2.951384924
1287,1.969944225
1288,3.342010348
1290,2.601626753
1292,2.287773713
1293,3.003211255
1295,2.336039547
1297,2.780837771
1298,3.35311389
1299,2.503444513
1300,3.394935803
1301,2.992814114
1302,2.142628364
1303,2.752259967
1304,2.950386153
1305,1.894066498
1306,2.401531868
1307,2.714645518
1308,2.669899274
1309,2.568889441
1310,2.853976427
1311,3.193643732
1312,1.948080247
1313,2.056237213
1314,2.687676242
1315,3.378598094
1316,2.604160576
1317,2.609289755
1318,2.958241767
1319,2.103499312
1320,3.154452484
1321,2.190636867
1323,2.947466937
1324,2.268234817
1326,2.626246328
1327,2.643887654
1328,1.927762151
1329,3.370590813
1330,2.908368227
1331,3.474643229
1332,3.240904719
1333,2.199074336
1334,3.411770987
1336,2.339039189
1337,3.76091362
1338,1.287870113
1339,1.90685842
1340,2.880713293
1342,2.9652758
1343,3.312473662
1344,2.136409638
1345,3.461936086
1346,3.070409009
1347,2.895399434
1348,3.276665185
1350,2.198509029
1351,3.060950773
1352,2.526066225
1353,2.952169055
1354,3.540331488
1355,1.977563067
1356,2.316556106
1357,3.139004606
1358,2.706408707
1359,2.598124072
1360,3.117556537
1361,2.601890843
1362,2.578474647
1363,3.439493018
1364,2.16554029
1365,2.727941314
1366,3.35285216
1367,2.374596828
1368,2.469552424
1369,3.703063694
1370,2.869647134
1371,2.037685968
1372,3.533987106
1373,3.142120513
1374,3.034156257
1375,2.864683926
1376,2.981478044
1377,3.559783607
1378,2.93796624
1379,2.351033664
1380,3.440102758
1381,1.944046437
1383,3.677715309
1384,2.668849571
1385,1.931388053
1386,3.132964564
1387,2.680057142
1388,2.956005985
1389,2.131432242
1390,2.956035775
1391,3.118150451
1392,2.646316885
1393,2.382573174
1394,1.19538622
1395,1.939473261
1396,2.498325935
1397,2.992337643
1398,3.421592979
1399,3.037708694
1400,2.220507204
1401,2.71747311
1402,2.928002358
1403,1.718031648
1404,2.588344168
1405,2.535377212
1407,3.14472168
1408,2.960241145
1409,2.732065576
1410,2.526906177
1411,2.746691719
1412,1.978247067
1414,3.108288079
1415,1.633376762
1416,3.629059039
1417,2.307166157
1418,2.728105598
1419,3.79233929
1420,2.606885685
1421,1.591996925
1422,2.871238528
1423,2.312860184
1424,3.006836879
1425,1.558209629
1426,1.899270153
1427,2.768313719
1428,3.620902262
1429,2.660170423
1430,2.713943539
1431,2.962640426
1432,1.079225951
1433,2.338319404
1434,3.950499526
1435,3.276570642
1436,3.287415705
1437,2.999058735
1438,3.571990605
1439,1.955534075
1440,2.243625208
1441,3.124806271
1442,3.230070449
1443,2.149992536
1444,2.878520781
1445,3.255793543
1446,2.213410722
1447,3.653108842
1448,2.192938038
1449,2.40548352
1450,3.106565709
1451,3.217683682
1452,2.480899984
1453,1.916724475
1454,3.205340712
1455,3.105265859
1456,2.646575611
1457,3.060934854
1458,1.701189167
1460,3.345201542
1461,2.210549529
1462,3.279873248
1463,2.395908759
1464,2.602880818
1465,2.674232336
1466,3.152417165
1468,3.206825079
1469,2.551669613
1471,2.908516171
1472,3.704957486
1473,2.547229508
1474,2.279920307
1475,3.062057735
1476,2.607318726
1477,2.94463559
1478,2.447145364
1479,2.926782433
1480,1.905437271
1481,3.336702014
1482,2.539566095
1483,2.832345415
1484,2.77227986
1485,2.804855061
1486,2.718640371
1487,2.266917114
1488,2.858482193
1489,3.241229428
1490,2.608466412
1491,2.79949601
1492,1.785933562
1493,3.144480432
1494,2.764351155
1495,2.471435502
1496,3.133623887
1497,2.787206631
1498,2.275058011
1499,2.738703366
1500,1.53494818
1501,3.186581383
1502,3.085021209
1503,3.402420775
1504,2.73969026
1505,3.735287047
1507,3.29323965
1508,1.923156585
1509,2.931019803
1510,2.072500523
1511,3.310400263
1513,2.423066659
1514,2.335626133
1515,2.765146707
1517,2.855111184
1518,2.840742418
1519,2.438683566
1521,3.292071935
1522,2.772495509
1523,2.629971633
1525,2.765587126
1526,2.46954668
1527,3.191955293
1528,2.553486377
1529,2.43842868
1531,3.304667726
1532,2.797686
1533,2.978374568
1534,3.2922622
1535,2.262153339
1536,2.250733995
1537,3.133342856
1538,3.405456535
1539,2.007923424
1540,2.087261758
1541,2.618338823
1542,2.895054184
1543,2.398589276
1544,2.013203034
1545,1.753903353
1546,2.69869721
1548,2.71530061
1549,2.604156258
1550,3.179236356
1551,3.582871927
1552,2.243982541
1553,3.481757737
1554,2.478810521
1555,3.216156328
1556,2.631456137
1557,4.070808213
1558,2.980218171
1559,3.089526088
1560,3.442198161
1562,3.052357452
1563,2.617756854
1564,3.509728901
1565,2.351545583
1566,3.690756928
1567,2.218986156
1568,1.872086454
1569,1.847776944
1570,1.924527018
1571,2.844707298
1572,2.697753583
1573,3.883036687
1576,2.995615703
1577,2.378708909
1579,3.364819384
1580,1.832721449
1581,2.837291361
1582,1.917437447
1584,3.584907253
1585,1.555278514
1586,2.7594394
1587,2.016439267
1588,2.702980393
1589,2.996075354
1590,2.5320081
1591,3.296361892
1592,2.408075786
1593,3.389572029
1594,2.278697036
1595,3.067059428
1596,1.729367084
1597,2.601750248
1599,1.756286487
1600,2.995352621
1601,2.62688189
1602,2.18965782
1607,2.283610495
1608,2.664799159
1609,2.732982244
1610,1.512993464
1611,1.828590985
1612,2.372812368
1613,2.241172549
1614,2.33946925
1616,2.771354847
1617,3.441048057
1618,2.465568784
1619,2.679465908
1620,2.405060206
1621,2.777411279
1622,2.501503134
1623,2.734887532
1624,2.708332503
1625,2.437507289
1626,2.681184935
1627,2.13220836
1629,2.708877456
1630,2.817157944
1631,1.779894668
1632,2.543377306
1633,2.085319688
1634,3.109321471
1635,2.511023482
1636,3.365955815
1637,2.92559859
1638,2.850069813
1639,2.685531667
1640,3.091770076
1643,3.246738461
1646,2.536358556
1647,2.155419093
1648,2.472199494
1649,2.992452426
1650,2.257548278
1651,3.270711568
1652,2.389715642
1653,2.239666338
1654,3.200337578
1655,0.972881763
1656,2.335927336
1657,1.690481376
1658,3.725256484
1659,2.546701633
1660,2.19879527
1661,3.626705813
1662,2.874284566
1663,2.586547907
1664,3.041004219
1665,2.52597415
1666,3.467636656
1667,3.096902385
1668,2.279276199
1669,2.669977225
1671,3.54793284
1672,1.998613491
1673,3.097479114
1674,2.648172195
1675,2.81528258
1677,1.766270177
1678,3.458492561
1679,3.102047899
1680,2.542474011
1681,2.626480327
1683,2.65496298
1684,3.180429345
1685,2.725061434
1686,3.257352898
1687,2.802161507
1688,3.396475939
1689,2.46700851
1690,2.879353157
1691,3.27309105
1692,2.400727937
1693,2.324839965
1694,2.535721095
1695,2.149094821
1696,1.972540627
1697,2.262529751
1698,3.154725467
1699,2.495786259
1700,3.585404413
1702,2.130552874
1703,3.452674298
1704,3.00375842
1705,2.004528646
1706,2.138636882
1707,3.176243395
1708,2.759034888
1709,2.049813632
1711,2.736361223
1712,2.617596893
1713,2.287977647
1714,3.262013131
1715,2.592025091
1716,1.884788517
1717,1.085302057
1719,2.671015763
1720,2.699247706
1721,2.57229121
1722,2.556076158
1723,1.60651336
1724,3.061310207
1725,2.313419183
1726,1.911054412
1727,2.952642579
1728,3.300322638
1729,2.460627234
1731,2.590248155
1732,3.279167889
1733,2.865784662
1734,2.356453004
1735,3.525229049
1736,2.452883575
1737,2.646768483
1738,3.181992407
1739,3.608877807
1740,2.046919125
1742,2.8201168
1743,1.92532609
1744,3.333427961
1745,2.339851448
1746,2.897149467
1747,1.909272544
1748,2.638518984
1749,2.944864992
1750,2.887990081
1751,3.256512552
1752,2.022371922
1753,1.901832137
1754,2.762428352
1755,2.238540446
1756,1.738536012
1757,2.246608132
1758,1.858628963
1759,2.088172417
1760,2.581183458
1761,2.210255939
1762,2.400175556
1763,3.470275765
1764,1.839733386
1765,3.419016537
1766,2.927835272
1768,1.914430385
1769,1.963024151
1770,1.985821155
1771,2.640350838
1772,3.031528705
1773,3.228545736
1774,2.538262121
1775,2.640900972
1776,2.015252779
1777,2.615695225
1778,2.869457963
1780,2.794437698
1783,2.532148663
1784,2.045453786
1785,3.079358029
1786,2.058185657
1787,2.240439391
1788,2.479464064
1789,2.328492635
1790,2.253756972
1791,2.648059369
1792,3.520160823
1793,2.642956893
1794,3.375567128
1795,3.029933602
1796,2.443734612
1797,2.467150642
1798,2.396958856
1799,2.358470758
1800,2.697141161
1801,2.81832495
1802,3.185300916
1803,2.4342547
1804,2.844259978
1806,1.735178031
1807,2.323419245
1808,2.701994128
1809,2.04458628
1810,2.821781066
1811,2.600132361
1812,2.98078729
1813,2.129056562
1814,2.433699389
1815,3.199140493
1816,2.122022491
1817,3.087483963
1818,2.426306124
1819,3.346519069
1820,2.544336317
1821,3.236853053
1822,3.41008971
1823,2.541699648
1824,3.023043263
1825,2.446287592
1826,3.048298509
1827,2.308332663
1829,2.546125691
1830,2.258497413
1832,2.438328229
1833,2.738155029
1834,2.144386195
1835,3.19931751
1836,3.691018746
1838,2.983439401
1839,2.546924984
1840,2.33249426
1841,2.321455605
1842,3.309948745
1843,2.564681933
1845,2.576713452
1846,3.179799461
1847,2.826797247
1848,2.968198861
1850,3.26829221
1851,2.402983061
1852,3.077536154
1853,2.95029549
1854,2.446505878
1855,2.814830476
1856,2.588399998
1857,2.456283523
1858,2.620572103
1859,3.276593346
1860,2.837227947
1861,2.811014531
1862,3.090765058
1863,2.800730265
1864,3.379386758
1865,3.678466811
1866,3.511986024
1867,2.155249641
1868,2.507927194
1869,2.432982136
1870,2.476304151
1871,2.306979141
1872,2.635951549
1873,2.508565959
1874,1.748690582
1875,1.850451721
1876,3.347038718
1878,2.058559813
1879,2.681916976
1880,2.051107868
1881,2.765697765
1882,2.096739204
1883,2.434082177
1884,2.036092221
1886,2.826069453
1887,2.886986378
1888,3.313105787
1889,2.945147468
1890,3.590814714
1891,2.359191997
1892,2.481712986
1893,3.49669247
1894,2.634565591
1895,2.47414064
1896,2.890252204
1897,2.698373361
1898,2.68613035
1899,2.430377767
1900,2.306955592
1901,3.449259437
1902,2.183766188
1903,2.179444683
1904,3.354565039
1906,3.014852762
1907,2.754001507
1908,2.428100694
1910,2.992599309
1911,3.101925915
1912,2.124632983
1913,3.051943873
1914,2.653647052
1915,3.327067095
1916,2.288827807
1917,3.564144614
1918,2.217952081
1919,3.3480647
1920,2.536477145
1921,2.576952202
1922,2.545453334
1923,1.868275401
1924,3.673536204
1926,3.40711719
1927,2.626600902
1928,2.648028265
1929,3.18296324
1930,1.232709236
1931,3.038677098
1933,2.927218826
1935,3.535680578
1936,2.801920765
1937,1.903818517
1938,3.082912886
1939,2.060264257
1940,3.139059075
1941,2.139307023
1942,2.763844639
1943,2.27268117
1944,2.960130718
1945,1.73672142
1946,2.622625518
1947,3.261783064
1948,2.685844537
1949,2.953827801
1950,2.338443893
1951,2.427705001
1952,2.858678327
1953,2.448652334
1954,1.577151923
1955,2.825493195
1956,2.445477075
1957,3.824823375
1958,3.515653782
1959,3.339552117
1960,2.39043827
1961,2.691980209
1962,2.703009569
1963,3.777119454
1965,1.906543426
1966,3.437384367
1967,2.623012963
1968,2.510052521
1969,2.17723448
1970,3.098022235
1971,3.505027912
1972,2.842027147
1973,1.964985665
1974,2.427842044
1975,3.44201129
1977,2.087993172
1979,2.704189757
1980,3.121921265
1982,2.003588611
1983,2.342808509
1984,2.409315282
1985,2.958403283
1986,2.679852404
1987,3.065930303
1988,1.954552226
1989,2.540215791
1990,3.52333051
1991,2.594501206
1993,3.00336026
1994,2.542005519
1995,2.253857019
1996,3.024107635
1997,2.577160941
1998,3.083478449
1999,3.210783291
2000,3.525534056
2001,3.150131568
2002,3.462653029
2003,2.437368586
2004,3.131374985
2005,2.202876524
2006,2.921788049
2007,1.964915867
2008,1.648217475
2011,2.138486234
2012,2.099830165
2013,2.918644046
2014,2.289596208
2015,3.117325286
2016,2.955122486
2017,1.64062678
2018,2.678053284
2021,2.771299976
2023,3.041377014
2025,2.609205897
2026,2.64482215
2027,2.374516938
2029,2.486019826
2030,2.865911346
2031,2.650621541
2032,2.039781619
2033,2.995177586
2034,3.220031938
2035,2.734423723
2036,2.960552433
2037,2.160316229
2038,2.584376728
2039,2.937608207
2040,2.480013733
2041,1.396501904
2043,1.927240221
2044,3.336593149
2045,2.871648417
2046,2.027278647
2047,3.158662955
2048,2.395037769
2049,2.724114332
2050,2.435480994
2051,2.732957734
2052,2.955775425
2053,3.421323364
2054,1.86775762
2055,2.427873758
2057,3.217923019
2058,1.396553089
2059,3.195019339
2060,1.868415743
2061,3.59146295
2064,2.638751694
2065,2.470230509
2066,2.718765909
2067,3.160439707
2068,2.230172592
2069,2.653615648
2070,2.796668436
2071,2.140636218
2072,2.266968668
2073,3.63197624
2074,2.505301017
2075,2.239159789
2076,2.53770087
2077,1.291481907
2078,2.214005621
2079,2.505880427
2080,3.026736313
2081,3.478393094
2082,2.091193527
2083,2.451287669
2084,1.416170343
2085,2.517602807
2086,2.844721651
2087,2.72436088
2088,2.385341857
2089,2.389840026
2090,2.106176624
2091,3.256975167
2092,2.497384859
2093,2.208468942
2094,3.065706906
2095,2.804466897
2096,1.933331146
2097,1.756972419
2100,3.023427039
2101,2.975694059
2102,2.749280448
2103,2.324534931
2104,2.471223672
2106,1.749991783
2107,3.285444686
2108,2.778845154
2109,2.257048391
2110,2.829165876
2111,2.193769772
2112,2.670803033
2113,3.147911911
2114,3.377815726
2115,2.927607621
2116,2.352203528
2117,2.926281659
2118,1.272705867
2119,2.95200143
2120,2.751234718
2121,2.031545371
2122,2.4010899
2123,2.964255077
2126,3.232504351
2127,3.021382488
2128,3.323538998
2129,3.599130341
2131,2.74183751
2132,1.959903637
2133,3.251082775
2134,2.984382784
2135,3.754515981
2136,2.850217196
2137,3.321736188
2138,2.66687498
2139,1.643879471
2140,2.656563546
2141,2.877350502
2142,2.784996856
2144,2.834864361
2145,2.345303795
2146,1.458770604
2147,2.835029267
2148,1.983411456
2149,2.775212634
2150,1.997222228
2151,2.445705189
2152,3.692890308
2153,2.652634947
2154,2.982930904
2155,2.937913396
2157,1.796669039
2158,2.501957886
2159,2.328203151
2161,2.648330895
2162,3.059383544
2163,2.560248554
2164,3.020728194
2165,2.095925594
2166,3.352000781
2167,2.750530594
2168,2.919839362
2169,2.911575015
2170,2.943365062
2171,2.897164685
2172,1.571925311
2173,3.187874663
2174,2.404086061
2175,2.404255229
2176,2.832185792
2177,2.953344302
2178,2.583713788
2179,1.581615387
2180,2.305853009
2182,2.971041073
2183,3.460917433
2184,1.541406137
2185,3.064286826
2186,2.876976476
2187,2.236138789
2188,1.52975623
2189,3.366292318
2190,3.188777633
2191,2.916739553
2192,2.434757787
2193,3.217144551
2194,3.518254985
2195,3.539725839
2197,3.074733117
2198,3.718605963
2199,1.836781932
2200,2.503250859
2202,3.304879724
2206,2.561085475
2207,2.779972719
2208,3.036422778
2209,2.404988415
2210,1.787180546
2211,3.671152987
2212,3.067744822
2213,3.05229504
2214,2.135614914
2215,1.896372032
2216,2.653680305
2217,2.921870761
2218,2.888028074
2220,2.138507153
2221,2.680469955
2222,1.6990408
2223,2.881671439
2224,2.77605704
2225,1.766794954
2226,2.174407142
2227,2.188611512
2228,2.261432026
2229,2.77169316
2231,2.447727039
2232,1.91099251
2233,3.090433042
2234,3.080627759
2235,2.570099837
2236,2.632045108
2237,3.387227101
2238,3.174634543
2239,2.031047457
2240,2.317270814
2241,3.054767895
2242,2.557870744
2243,3.00581018
2244,3.084772143
2245,2.948725393
2246,3.649427204
2247,1.987577953
2248,2.300352885
2249,3.0004235
2251,2.981255538
2252,3.644081572
2254,2.635254963
2255,2.395185833
2256,2.873815748
2257,2.837936106
2258,2.496973148
2259,1.507378923
2261,3.159903207
2263,2.067508807
2264,2.126880409
2265,2.682619239
2266,2.284957633
2267,1.75050263
2268,2.344580701
2269,2.153063615
2271,2.424275519
2272,2.946206682
2273,2.994729971
2274,2.58292178
2275,2.499345842
2276,2.106725194
2277,3.216940992
2278,1.956051596
2279,3.167090651
2280,2.608641025
2281,2.926738305
2282,3.078952154
2283,2.953226274
2284,2.852716129
2285,2.974597849
2286,3.347622266
2287,1.948311821
2288,1.910173286
2289,2.252489949
2290,1.595067018
2291,1.972743474
2292,3.164074645
2293,2.353060427
2294,3.13593414
2295,2.948219874
2296,2.551169584
2297,2.374941256
2298,2.77746111
2299,2.850776875
2300,2.458577763
2301,1.299925773
2302,3.047680225
2305,2.638369405
2307,1.89529017
2308,3.330865823
2309,1.839347988
2310,2.235472498
2311,3.228475636
2312,3.405232487
2313,2.288642596
2314,3.358271346
2315,1.886606038
2316,1.975747447
2317,3.277110222
2318,3.941691015
2319,2.199170966
2320,2.349568495
2321,2.880241403
2322,1.734759292
2323,2.835017195
2326,3.166345091
2327,2.213092013
2328,2.722774662
2329,2.580284176
2330,2.168681358
2331,2.121971933
2333,2.87513074
2334,2.129189942
2335,2.958161972
2336,2.217239319
2337,2.537396617
2340,1.795251605
2341,2.484813742
2342,3.299040392
2343,2.666899183
2344,3.306709768
2345,2.683865699
2346,3.234759089
2347,2.74468598
2348,1.853342325
2350,2.662919912
2351,3.041598935
2352,3.327046998
2353,2.717831957
2354,2.527989124
2355,2.638968705
2357,1.873079994
2358,3.053299621
2359,2.119661039
2360,2.206409301
2361,1.736115196
2362,2.727870998
2363,1.644474444
2365,2.866478197
2366,2.071684702
2367,2.078909234
2368,3.613524646
2369,2.567892518
2370,3.119216541
2371,2.324626005
2372,2.133547682
2373,3.077913481
2374,2.622946163
2375,2.720638185
2376,2.152521021
2377,2.162055358
2378,2.74761278
2379,2.477288383
2380,2.001215326
2381,2.905449052
2382,2.623373564
2383,2.907937881
2384,3.153537987
2385,2.767351537
2386,2.855328043
2387,3.01958516
2388,3.601933593
2389,1.95350785
2390,2.967110085
2391,2.809161059
2392,2.520998926
2393,3.457116255
2394,1.896413357
2395,2.984493239
2396,3.139360778
2397,3.082191264
2398,2.948650724
2399,1.918882028
2400,2.099634001
2401,2.780246394
2402,2.401665319
2403,3.294576797
2404,2.23781509
2405,3.548292751
2406,2.769270356
2407,2.10125499
2408,2.521977419
2409,2.246261504
2410,1.69615119
2411,2.690310136
2412,2.476231019
2413,2.761552168
2414,2.815433554
2415,2.070206015
2416,2.485967902
2418,1.614468071
2419,2.66559186
2420,3.093363092
2421,3.477380993
2422,3.245277113
2423,2.49828655
2424,3.09411841
2425,2.951174455
2426,1.857683166
2427,2.445636037
2428,3.233685159
2429,2.69506096
2430,2.981999145
2431,3.054522794
2432,3.230000486
2433,2.258890154
2434,3.967005966
2435,3.300784034
2438,3.321139841
2439,2.962709311
2440,1.785803926
2441,3.139975643
2442,2.463342558
2443,2.414426733
2444,2.252704315
2445,1.966684885
2446,2.374919956
2447,1.858818675
2448,2.598803223
2449,2.693195661
2450,2.640861503
2451,2.269446356
2452,3.464271448
2453,3.077221467
2454,3.129347445
2455,3.445955712
2457,2.23718227
2458,2.335598497
2459,3.281533627
2460,3.568610415
2461,2.872555915
2462,3.150359781
2463,2.769322705
2464,3.540980146
2465,2.631284977
2466,1.839188545
2467,2.861079242
2468,2.266231281
2469,2.171174283
2470,2.360831318
2472,2.463060486
2473,2.893906557
2474,3.311629831
2475,2.761805511
2476,2.597180819
2477,2.678375102
2478,2.157267328
2479,1.384683404
2480,2.304356189
2481,1.931567343
2482,3.178231954
2483,2.84956145
2484,3.005409528
2485,2.257760992
2486,3.584372115
2487,2.800711238
2488,2.830598699
2489,2.50783328
2490,2.879193457
2491,3.339143935
2492,1.830725886
2493,1.702354951
2494,3.152084539
2495,3.048106553
2496,2.530942195
2497,2.594049696
2499,1.611036503
2500,1.990284039
2501,2.829306842
2502,2.595130915
2503,2.40564257
2504,3.187435595
2505,2.159025773
2506,3.130396878
2507,3.263146532
2508,3.898481724
2509,2.644966982
2510,2.742165494
2512,2.51789008
2513,3.093902867
2514,3.205789336
2515,2.671317788
2516,2.178953115
2517,3.114441082
2518,1.936339853
2519,2.074105852
2520,2.958560998
2521,2.729882944
2522,1.98380434
2523,2.52016844
2524,2.182617372
2525,2.855811295
2526,1.886000683
2528,2.465432024
2530,2.019428318
2531,2.675222977
2532,2.37582232
2533,2.400105258
2534,2.567953245
2535,3.073427952
2536,2.608730467
2537,2.725074868
2538,3.149322425
2539,3.100792964
2540,2.254835058
2542,1.846412903
2543,2.989788767
2544,2.99608375
2545,2.83950519
2546,2.799608004
2547,2.001323538
2548,2.406098085
2549,2.267256726
2550,2.755434184
2551,2.288794459
2552,3.094715773
2553,3.055067095
2554,2.83037589
2555,3.474989102
2556,2.603529501
2557,3.210746338
2558,2.20809966
2560,2.975762689
2561,1.227141155
2562,2.647913031
2563,3.110614316
2564,2.441938001
2565,2.497451788
2566,1.253415154
2567,1.992055364
2569,3.469723367
2570,1.461311542
2571,2.640583885
2572,3.395997687
2573,2.141078321
2574,2.787939175
2575,3.556129787
2576,2.720923672
2577,2.941565531
2578,2.327550531
2579,2.815334334
2581,2.853539352
2582,2.789511304
2583,2.599011944
2584,2.304530025
2585,3.124756537
2587,2.239104688
2588,2.745412825
2589,2.91724973
2591,2.367944132
2592,2.637542001
2593,3.210061368
2594,1.58534901
2595,3.146264436
2596,1.693976694
2598,3.096562449
2599,1.793802199
2600,3.153403167
2601,1.81682803
2602,2.571719978
2603,3.598502652
2604,3.486642137
2605,2.297258628
2606,1.997548381
2607,2.315670131
2608,2.524863926
2610,3.057438787
2613,3.285640754
2614,2.766740622
2615,3.314376832
2616,2.701256218
2618,1.99597001
2619,3.110905844
2620,2.502549848
2621,2.053972752
2622,2.554290511
2623,3.479676526
2624,3.590963473
2625,2.584089958
2626,2.816330854
2627,2.587897968
2630,2.985713423
2631,3.417651423
2632,2.123558702
2633,2.944466413
2634,3.395004767
2635,2.342777943
2636,3.023520278
2637,3.05231702
2638,1.477919326
2639,3.520300019
2640,2.944222128
2641,2.260947042
2643,3.020886103
2644,3.492841074
2645,3.676572728
2646,3.340619449
2647,2.922225092
2648,3.120132397
2649,2.185630628
2650,3.474237068
2651,2.411550975
2652,2.016944947
2653,2.901122127
2654,3.167506115
2656,3.679809481
2657,3.750236203
2658,2.743496313
2659,2.868480776
2660,1.529966518
2661,2.591639403
2663,1.474328438
2664,2.309737524
2666,2.243391731
2667,2.859853208
2668,2.980214524
2669,3.104547599
2670,2.316923751
2671,2.707302879
2672,2.324413096
2673,2.188189461
2674,3.340837307
2675,2.700875571
2677,3.060489996
2678,2.103320431
2679,3.10800357
2680,2.425038791
2681,2.539603893
2682,2.706907071
2683,2.227490476
2684,2.980415215
2685,2.260990162
2686,2.817286207
2687,1.212031015
2688,1.946831202
2689,3.198442706
2690,2.260682991
2691,1.976741558
2692,3.317417737
2694,1.848556652
2695,2.668377013
2696,2.123575288
2697,3.090015095
2698,3.875973455
2699,2.401061663
2700,3.206119385
2701,2.358414571
2702,4.053733765
2703,2.923041086
2704,2.762935932
2705,2.559204777
2706,2.797047492
2707,1.522440877
2708,3.010149285
2709,1.347529999
2710,3.404926336
2712,3.106296258
2713,2.024038042
2714,1.952763939
2715,2.450006042
2716,2.247746736
2717,1.787910231
2718,1.962726184
2719,3.189790476
2720,2.391429386
2721,2.413489568
2722,2.363546414
2723,2.660880571
2724,3.032477034
2725,2.814160851
2726,3.393197586
2727,2.656794539
2728,2.781711812
2729,3.966902423
2730,2.124996402
2731,2.437783414
2732,3.075950979
2733,1.866062611
2734,2.724752344
2735,2.390518469
2736,3.249482458
2737,2.63151669
2738,2.56867673
2739,4.008705058
2740,2.037037243
2741,3.578460037
2742,3.090499076
2743,2.03598916
2744,3.476628724
2745,3.03514252
2746,1.762596505
2747,3.263039057
2748,3.597942504
2749,2.70562087
2750,3.513015743
2751,2.264570063
2752,3.036196935
2753,2.066563221
2754,2.675134659
2756,2.304898538
2757,2.391401328
2758,2.305813463
2759,2.82817972
2760,3.604385244
2762,3.070214929
2763,2.95237597
2764,2.187964318
2765,2.514681851
2766,3.330255876
2767,3.931526827
2768,2.430632414
2769,2.151541784
2770,2.435557218
2771,3.548713377
2772,2.151601031
2773,1.79564235
2774,2.334167973
2775,2.425567278
2776,2.606199304
2777,2.39685363
2778,2.888714708
2779,2.367379915
2780,2.175017392
2781,3.255213629
2782,2.160968984
2783,2.628306444
2784,3.756756488
2785,2.373855237
2786,2.261131933
2787,2.906309935
2789,2.439160982
2790,3.291185854
2791,2.071600394
2792,2.431017589
2793,1.768149152
2794,2.609707826
2795,2.4021291
2796,2.089049799
2797,2.278858228
2799,2.267524473
2800,2.864282659
2801,2.942019533
2802,2.544926605
2804,3.107071725
2805,2.242826167
2806,1.872607269
2807,2.348307367
2809,2.816094835
2811,3.495267926
2812,2.968691263
2813,2.626054038
2815,2.238480345
2816,3.172980067
2817,2.800224369
2818,2.618457591
2819,2.893702207
2820,3.484910068
2822,3.149603022
2823,2.455129148
2824,2.777424698
2825,3.076900498
2827,2.134397644
2829,3.682309241
2831,2.158056346
2832,2.922674921
2833,2.43744531
2834,2.708433929
2835,2.795110067
2836,2.340200648
2837,1.504993422
2838,2.582803597
2839,2.553171116
2840,2.837656536
2841,2.958996596
2842,2.690658858
2843,3.140428577
2844,3.301459019
2846,2.135428691
2848,3.24147117
2849,3.495932512
2850,2.5482408
2851,3.239468541
2852,2.288191449
2853,2.158361878
2854,2.217732623
2855,3.300201064
2856,3.003448862
2857,2.723710232
2858,2.382951141
2859,2.241023086
2860,2.686433228
2861,3.174617272
2862,2.839342195
2863,1.845084063
2865,1.820151639
2866,2.628829252
2867,2.280787074
2868,2.560574671
2870,2.749479355
2871,3.938112852
2872,2.784910451
2873,3.206643449
2874,2.85645425
2876,3.240611617
2877,1.976280606
2878,2.764917855
2879,2.933364165
2880,2.733467217
2881,3.393630388
2882,1.871979292
2883,2.586307502
2884,2.192133302
2885,2.283275668
2886,2.62996063
2887,1.954914923
2888,3.073400347
2890,3.296415075
2891,2.137736136
2892,2.933440555
2893,2.286186724
2894,2.94548304
2895,3.403873678
2897,2.613503717
2898,1.555868349
2899,2.595569436
2900,2.165313757
2901,3.399820976
2902,1.762971829
2903,3.930570496
2905,2.881760468
2906,2.821836332
2907,3.322763691
2908,3.443430227
2909,3.497207665
2910,3.090082669
2911,2.430824852
2912,3.373079581
2913,2.572842713
2915,1.983242234
2916,3.319537762
2917,2.523644473
2918,1.992995677
2919,2.763181854
2920,2.921807229
2921,3.001398168
2922,2.080139697
2923,2.576095424
2924,3.379326033
2927,2.606318575
2928,2.625243109
2929,2.750550471
2930,2.004613135
2931,2.812167969
2932,3.027869056
2933,3.033865805
2934,2.382655581
2935,2.829604932
2936,2.158688907
2937,3.311052625
2938,2.44146982
2939,2.523159613
2940,3.359416721
2941,2.561970685
2942,3.170123754
2943,3.250309091
2944,2.608549666
2945,3.119675766
2946,3.072203541
2947,2.076123706
2948,3.149480824
2949,2.373462499
2950,3.228857159
2952,2.361871515
2953,2.156491001
2954,3.209206298
2955,2.680614003
2956,3.118169202
2957,3.231791364
2958,2.619607643
2959,2.928778683
2960,2.65542499
2961,1.85070819
2962,1.75991741
2963,2.833370607
2964,2.967191062
2965,2.880228595
2966,3.14784829
2967,2.483212568
2968,3.718655179
2969,2.999123983
2970,2.987967524
2971,2.363150447
2972,2.816869984
2973,2.37066735
2974,2.828113312
2975,2.696277486
2976,2.398455886
2977,1.827658356
2979,1.762325856
2980,2.720957051
2981,3.168281355
2982,2.549371278
2983,2.624173063
2984,3.21762024
2985,1.994360002
2986,2.282121368
2987,2.873075648
2988,2.418017091
2989,2.442695137
2991,2.433772187
2992,0.766855316
2993,2.911890403
2994,3.383503855
2995,2.961111934
2996,2.465311758
2997,3.255225813
2998,3.114561972
2999,3.722667295
3000,3.362277979
3001,2.941689877
3002,2.656726524
3003,2.733708009
3004,3.612193563
3005,2.173813235
3007,2.701399629
3008,2.467392612
3009,3.256983438
3010,3.320943599
3011,3.048604479
3012,1.933439059
3013,2.172567191
3014,3.393891332
3015,2.253648446
3016,3.173270795
3017,3.098490906
3018,2.569441178
3019,2.496618551
3020,2.999511396
3021,2.580453533
3022,2.335533541
3023,2.173283591
3024,2.739072198
3025,2.390708165
3026,1.592585468
3027,2.30748508
3028,3.004601843
3029,2.083558991
3030,2.682819324
3031,3.548768294
3032,2.907095764
3033,3.124627924
3034,3.19551889
3035,2.528422988
3036,1.474577793
3037,2.581674895
3038,2.790556093
3039,3.011747689
3040,2.515908442
3041,3.335198365
3042,2.400544707
3043,1.936227227
3044,2.725528053
3045,2.377257305
3046,2.125267293
3047,3.022969472
3048,1.804015621
3049,3.301765814
3050,2.393031327
3051,3.03311698
3052,1.964906847
3053,2.735428476
3054,2.730385225
3056,2.630920705
3057,1.665499871
3059,3.230778673
3060,2.661951324
3061,2.474109619
3062,2.727413515
3063,3.039900826
3064,3.08612289
3065,2.115594539
3067,2.302329116
3068,2.781676441
3069,2.251342203
3070,2.757866507
3071,1.843089963
3072,2.542489854
3073,2.996019302
3074,3.240193028
3075,2.872228291
3076,2.959780065
3077,1.571566058
3078,1.889149389
3079,2.781977124
3080,2.986342138
3082,3.299138778
3083,3.223306592
3084,1.676246876
3086,2.751889427
3087,3.00330595
3088,3.245446447
3089,3.278836644
3090,2.945515031
3092,2.93793901
3093,2.569531503
3094,3.127436022
3096,3.21946611
3097,1.882854674
3098,3.035218596
3099,2.953557986
3100,3.060719596
3101,2.539272717
3102,2.489301007
3103,1.977167593
3104,3.003745605
3105,3.83015668
3106,2.781661079
3107,2.503232496
3108,2.143931929
3109,2.981582873
3110,1.658652712
3111,2.552281978
3112,3.350188875
3113,3.252405621
3114,2.786086421
3115,2.147023372
3116,2.859665183
3117,3.419214284
3118,2.563579897
3119,2.744329261
3120,3.176960852
3121,2.753609023
3122,3.653231454
3123,3.149718307
3125,2.715414054
3126,1.929426037
3128,2.340277069
3129,2.981776827
3130,2.452568976
3131,2.593399128
3132,1.573947706
3133,1.666445107
3134,2.31487315
3135,2.745509601
3136,3.725038769
3137,3.177958367
3140,2.156816003
3141,3.247514468
3142,2.685912083
3143,2.076492622
3144,2.449472878
3145,2.184280209
3146,3.603621048
3147,2.294400497
3148,2.860457155
3149,3.821216623
3150,2.823945912
3151,2.577304041
3152,3.109711544
3153,2.964824966
3154,3.027440984
3155,1.985151197
3156,1.330540929
3157,2.235531832
3158,1.709903227
3159,2.969867068
3160,3.144194705
3161,3.546174523
3162,2.575527581
3163,2.267520245
3164,2.826768451
3165,3.031079435
3166,2.485719556
3167,2.055803238
3168,1.980297067
3171,2.153347288
3172,2.860264483
3174,3.106307481
3175,2.349197344
3177,2.015756371
3178,2.704246855
3179,2.28561485
3180,2.921993638
3181,2.414338833
3182,2.965022688
3183,2.87804405
3185,1.465613622
3186,2.041956964
3187,1.493130851
3188,3.552868259
3189,2.163643204
3190,2.081183189
3191,2.713625779
3192,3.076422143
3193,3.367734659
3194,3.198984263
3195,2.29439692
3196,2.117693575
3198,2.936744477
3199,3.474223728
3200,2.322913127
3201,2.166740789
3202,2.75608837
3203,2.026555212
3204,3.325798061
3206,2.870926195
3207,3.042712513
3209,2.323395397
3210,2.429749542
3211,2.598774273
3212,2.467937407
3213,1.172255569
3215,3.171139427
3216,2.559178634
3217,2.514933009
3218,2.443357713
3219,3.50091741
3220,1.994093449
3221,3.75347975
3222,1.498619729
3223,2.53721236
3225,3.382062956
3226,2.59301969
3227,2.038609273
3229,2.14210443
3230,3.099491721
3231,2.762517065
3232,2.405700029
3234,2.095785352
3235,2.702833431
3236,1.912715855
3237,3.33979756
3238,2.615739536
3239,2.945962919
3240,2.255661491
3241,2.369293352
3242,2.346205056
3243,2.685599005
3244,3.423220084
3245,3.339471303
3246,2.215961611
3247,2.922299402
3248,3.55349093
3249,3.397860695
3250,2.463433553
3251,2.095997554
3252,2.870130219
3253,2.525837106
3254,1.307216421
3255,0.886825598
3256,3.172456714
3257,2.216002108
3258,2.758311837
3259,2.370057846
3260,2.598548764
3261,3.151202576
3262,2.354876068
3263,3.207186289
3264,2.469006957
3265,3.936219421
3266,3.104425697
3267,1.536629931
3268,2.076829997
3269,3.188479675
3270,2.244697845
3271,1.833992217
3273,2.610277077
3274,2.166305116
3275,2.960300077
3276,2.831741151
3277,3.498300336
3278,2.923352843
3279,2.108999482
3281,3.745566285
3282,2.574154864
3283,2.598184791
3284,2.331022408
3285,2.644460953
3286,3.410659652
3287,2.645515803
3288,2.775660568
3289,2.751215456
3292,1.666561635
3293,2.942640008
3294,2.652366068
3295,2.601926108
3296,4.160783119
3297,2.47753143
3298,2.752522845
3299,3.047630844
3300,2.769314813
3301,2.960370752
3302,1.92916116
3303,2.877347432
3304,1.962530775
3305,3.165964608
3306,3.271351118
3307,3.323611566
3308,2.132893289
3309,2.030991308
3310,2.420024776
3311,2.580435937
3312,2.552950812
3313,2.375201798
3314,2.87735951
3315,3.344946828
3316,2.508971179
3317,2.723657394
3318,2.668282395
3319,2.39549414
3320,1.31644352
3321,2.299198167
3322,1.487641977
3323,3.023196282
3324,2.738225648
3325,2.187550285
3326,2.945559039
3327,2.003135099
3328,1.976318656
3329,1.435843016
3330,3.010342904
3331,3.076484125
3332,1.903392085
3333,3.072149615
3334,2.674391395
3335,2.79052147
3336,2.690479627
3337,2.01511932
3338,1.280768923
3339,3.435285651
3340,2.177886761
3341,2.93430857
3342,2.189704596
3343,2.91187844
3345,2.394694763
3346,2.075867298
3347,1.96824601
3348,3.080845142
3349,3.122593572
3351,2.503797887
3352,2.768555096
3353,3.482063854
3354,3.158995015
3355,2.587950865
3356,2.800827743
3357,2.58143878
3360,3.384434272
3361,3.429689583
3362,3.013726292
3363,1.800172439
3364,2.652146253
3365,2.568569358
3366,3.507089417
3368,2.695608597
3369,2.173320284
3370,1.529659497
3371,3.599608142
3372,3.535138067
3373,3.14994188
3375,3.383983553
3377,3.300749216
3378,2.998429831
3379,2.985445689
3380,3.011490997
3381,3.006159525
3382,2.450015903
3383,2.486268089
3384,3.548118315
3385,2.43844477
3386,3.756195519
3387,2.720941105
3388,2.376721111
3389,2.892595198
3390,2.70392478
3391,2.517938278
3392,3.009406351
3393,1.755722218
3394,1.474909357
3395,1.935982737
3396,1.409892474
3398,2.458758334
3399,2.943462406
3400,2.975663188
3401,2.474542263
3402,3.475478273
3403,1.784706377
3404,2.989496567
3405,2.848519704
3406,2.83515002
3407,1.94661002
3408,2.052042197
3409,2.146320657
3410,3.780472443
3411,2.971935446
3413,2.236942984
3414,2.032655658
3415,1.762609724
3416,2.49433057
3417,2.803653285
3418,2.046186165
3419,1.664763991
3420,2.071519529
3421,3.713462254
3422,2.420675779
3423,2.007069882
3424,3.027738488
3425,3.233242659
3426,3.145788756
3427,3.210330503
3428,2.457127454
3429,3.336100289
3430,2.305268796
3431,2.44661015
3432,2.046989749
3433,3.359134111
3434,3.076253228
3435,2.458585978
3437,3.748712344
3438,2.709768669
3439,1.959477331
3440,2.515042662
3441,2.215689978
3442,2.913888799
3443,3.419703665
3444,3.320753115
3445,2.411535974
3447,1.919500365
3448,3.671865137
3449,2.746768942
3450,3.367959989
3451,1.745864725
3452,2.690391385
3453,3.355297797
3455,2.662431086
3458,2.609196639
3459,2.966622779
3460,1.773868772
3462,3.038662237
3463,1.607967463
3464,3.345602573
3465,2.418429927
3466,3.141716451
3467,2.849388023
3468,2.512944173
3469,2.281388895
3470,2.549544651
3471,3.454331638
3472,2.101973786
3473,2.730375064
3474,2.806059644
3475,2.808986666
3477,1.738048579
3478,3.167624671
3479,2.844248919
3480,3.431549706
3481,3.313088595
3482,2.27594691
3483,1.637091473
3484,2.472741776
3485,3.872450123
3486,2.31699335
3487,2.165229978
3488,2.199471391
3489,1.947412402
3490,3.30625233
3491,2.269458746
3492,3.258770933
3493,1.639632412
3494,3.535397688
3495,2.440930028
3496,2.844893038
3497,2.660529593
3498,2.713463089
3499,1.042171895
3500,2.962387838
3501,2.305958499
3502,3.068381517
3503,2.925201095
3504,2.441799902
3505,2.991796638
3506,2.908651733
3508,2.943010818
3509,3.226497265
3510,2.191500939
3511,3.238591859
3512,2.793652271
3513,3.0699173
3515,2.917826182
3516,1.189724953
3517,1.74947792
3518,1.681083795
3519,1.566523425
3520,3.162477577
3521,2.501514527
3522,2.160198024
3523,2.739168353
3524,2.461390938
3526,2.139558809
3527,3.403422324
3528,3.088743136
3529,2.319768397
3530,2.671960344
3531,1.562456816
3533,2.196274233
3534,2.935360803
3535,3.039087351
3536,3.391809558
3537,2.601840488
3538,1.608653612
3540,2.027067779
3541,2.449205348
3542,3.112338334
3545,2.542392501
3546,3.68918731
3547,2.240637539
3548,2.79977701
3549,3.977050586
3550,2.458656859
3551,2.450409162
3552,1.991731884
3553,2.287700153
3554,1.909038754
3555,1.703467822
3556,2.135662727
3557,2.365047668
3558,3.617529187
3559,2.366087097
3560,2.696557717
3561,3.160547629
3562,2.512086967
3563,2.434628264
3564,2.084236429
3565,2.955127456
3567,2.522830821
3568,2.788403511
3569,2.763574672
3570,3.040909829
3572,3.173578245
3573,2.442743026
3574,2.991359583
3576,1.876710312
3577,2.661618066
3579,2.418234007
3580,2.495189797
3581,1.83659198
3583,2.543893084
3585,3.510338416
3587,2.608105209
3588,2.118163417
3589,2.270697827
3590,2.857484405
3592,3.364825496
3593,2.636018486
3594,2.756236423
3596,2.54293361
3597,2.21587372
3598,3.585060943
3600,3.164176491
3603,2.05053913
3604,2.05905869
3605,2.56345797
3606,3.118594656
3607,3.554244057
3608,2.011886003
3609,3.220390828
3612,2.755733348
3613,2.8610468
3614,3.414737485
3615,2.529944387
3616,2.515589606
3617,2.685252213
3618,2.738009846
3619,3.07693971
3620,3.026835338
3621,2.996392945
3622,2.795033473
3623,2.2578451
3624,2.384234
3625,3.375138811
3626,1.787266653
3627,3.257884701
3628,1.9939353
3630,3.036652915
3631,2.957512261
3632,2.63727364
3633,3.328223002
3634,3.133447633
3635,2.772064866
3636,3.054530548
3637,2.305498804
3638,2.178299352
3639,2.726417955
3640,2.404293686
3641,2.789887619
3642,3.399428127
3643,2.173200022
3644,2.210915379
3645,3.01632182
3646,3.357946548
3647,2.789810616
3648,2.50686882
3649,2.978270302
3650,2.64167697
3651,2.361593405
3653,2.626873228
3654,1.125548817
3655,3.428918312
3656,3.213065024
3657,3.241872441
3658,2.436606957
3659,2.419078233
3661,1.695922479
3662,2.525091138
3663,2.664200519
3664,2.03656468
3665,2.060895678
3666,1.814958885
3667,2.546316794
3668,3.499036601
3669,2.917442995
3670,2.563752059
3671,3.029206985
3672,3.81921165
3673,3.079199823
3674,3.446704161
3675,1.890485452
3676,3.280869656
3677,3.933713071
3678,1.277365029
3679,2.899353338
3680,2.578860143
3681,3.210151928
3682,1.642591811
3684,3.085089568
3685,3.144068132
3686,2.607013812
3687,3.580147173
3688,2.853471166
3689,1.362510834
3690,3.077483663
3691,3.592490189
3692,3.093313051
3693,2.668260211
3694,2.240571749
3695,2.616571227
3696,3.169744056
3697,3.075342372
3699,3.613512878
3700,1.727957894
3701,3.427521194
3702,2.914844357
3703,3.037719545
3704,2.491168395
3705,3.368744962
3706,2.188293661
3707,2.344019298
3708,1.986406422
3709,2.333585397
3710,3.384633674
3712,2.452374696
3713,2.560669695
3714,3.064319865
3715,2.361088527
3716,2.952247209
3718,2.301160053
3719,2.401996954
3720,2.616438364
3721,3.142230057
3724,3.055101142
3725,1.200656017
3726,2.233452274
3727,3.545533596
3728,2.188967613
3729,3.37019775
3730,3.553109518
3731,2.455984796
3732,3.331099231
3733,2.509165206
3734,2.006901285
3735,1.969600044
3736,1.801068971
3737,1.881956251
3738,2.76316533
3740,2.719966505
3741,3.508709916
3742,2.374010016
3743,2.875921449
3744,2.276487061
3745,2.440824637
3746,3.247362276
3747,2.997725594
3748,2.138808145
3749,2.822511229
3750,3.218031462
3751,3.128382334
3752,3.919122801
3753,3.12931947
3754,3.328656024
3755,1.634812532
3756,2.965030113
3757,2.317190568
3758,1.867682361
3759,3.095785726
3761,3.425343452
3762,3.419098029
3763,2.970005007
3764,2.385931148
3765,1.982895901
3766,2.465937426
3767,1.993665825
3768,3.264995411
3769,3.402657821
3770,2.207480402
3771,2.90036455
3772,1.782455836
3773,2.844712164
3774,2.555830256
3775,2.02572384
3776,3.137319077
3777,2.765916509
3778,2.570529435
3779,3.201688291
3780,2.557736617
3781,1.696530232
3782,2.878571603
3783,2.699729183
3784,2.514315408
3785,2.43717764
3786,3.168649392
3787,1.925685938
3788,2.089512529
3789,2.690700082
3790,2.726051644
3791,2.208492319
3793,3.712956522
3794,2.68640601
3795,2.22104693
3796,3.099247161
3797,1.891819896
3799,2.871659706
3800,2.506686753
3801,2.883196798
3802,1.437831691
3803,2.272376986
3804,4.115601189
3805,2.533075963
3806,3.110143753
3807,2.861090016
3808,3.248834058
3810,2.543531601
3811,2.457043252
3812,2.937928179
3813,3.251146378
3814,3.34449731
3815,2.778583309
3816,3.307773105
3817,2.826739467
3818,3.312383189
3819,1.735498504
3820,1.453668724
3822,2.978058919
3823,3.721493036
3824,2.315514765
3825,1.984238284
3826,2.698829301
3827,3.455432767
3828,2.145581042
3829,3.332222521
3830,1.481469177
3831,2.557556359
3832,2.682219762
3833,3.143371893
3834,1.961533228
3835,2.568669505
3836,2.700857344
3839,2.879567031
3840,3.156615038
3841,1.324382883
3842,2.198191658
3843,1.991403193
3844,2.954992915
3845,3.956308164
3846,3.330359067
3847,3.563998743
3848,2.523507704
3849,3.879332268
3850,3.132852212
3851,3.05055533
3852,3.537659072
3854,2.682324434
3855,2.7732082
3856,2.464891813
3857,2.387481291
3858,2.263429813
3860,3.068213468
3862,2.723903197
3863,2.53290467
3864,3.145115404
3865,3.290725725
3866,2.422078441
3867,2.710067716
3868,3.449887332
3869,2.167394184
3870,2.768762469
3871,1.928723103
3872,1.892250742
3873,3.489499915
3874,2.304918277
3875,2.997537018
3876,3.820541712
3877,2.432754535
3878,2.013606121
3879,3.451976581
3880,2.360525882
3881,2.484164442
3882,2.543837936
3883,3.276917809
3884,3.328026126
3885,2.295099861
3886,3.800748557
3887,3.574688938
3888,3.650585343
3889,1.55604275
3890,2.583752496
3891,2.663603742
3892,2.769168841
3893,3.086972853
3894,2.536433542
3896,2.577419467
3897,2.948432759
3898,2.192733747
3900,2.994524695
3901,2.575622185
3902,2.454172055
3903,2.428169319
3904,2.993376846
3906,3.539365129
3907,3.161610816
3908,2.338930537
3909,2.387336067
3910,2.166985856
3911,2.691909001
3912,2.568996481
3913,3.224089177
3914,1.496178677
3915,2.49066167
3916,2.023109241
3917,2.587018022
3918,2.951260911
3919,3.103920203
3920,1.301618702
3921,2.61349056
3922,2.57256226
3923,1.883251806
3924,2.502455127
3925,2.519885648
3926,3.129436196
3927,2.589507566
3929,3.874224964
3930,1.711075322
3932,2.461203254
3933,2.826193856
3934,2.741308411
3935,1.526092073
3936,2.973504946
3937,2.142095738
3938,2.398697514
3939,2.191119779
3940,2.653678446
3941,2.631573631
3942,2.455108443
3943,2.168872141
3944,2.854705704
3945,2.026335989
3946,3.019926183
3948,3.195866039
3949,3.505161954
3952,2.105417999
3953,3.186516203
3954,2.116209908
3957,2.741685512
3958,2.593751424
3959,1.35421952
3961,2.02977844
3962,1.323748647
3963,3.922192491
3964,3.064542118
3965,2.527168355
3966,2.394438148
3967,2.643673988
3968,2.495056104
3970,2.063402136
3971,2.798015201
3972,2.90894943
3973,2.840859424
3974,3.023328408
3975,2.222522212
3976,1.88654616
3977,2.930396907
3978,3.074095115
3979,2.580936849
3980,2.837717568
3981,2.264473561
3982,3.068677906
3983,2.925837895
3985,2.291914641
3986,2.483701381
3989,3.307006107
3990,1.510136717
3991,2.992797603
3992,3.272195139
3993,3.459001273
3995,2.442608176
3996,2.76184264
3997,2.847104075
3998,3.471293208
3999,2.825454366
4001,3.533220336
4002,2.866241732
4003,2.706506405
4004,2.364281793
4005,2.344416153
4007,2.418133941
4008,2.835133604
4009,3.231209935
4010,2.023552213
4011,2.623099689
4012,3.285771928
4013,2.155318287
4014,2.000026422
4015,2.210841551
4017,3.554518002
4018,3.78000901
4019,2.821151495
4020,2.110749095
4021,2.555065012
4022,2.085693492
4024,2.08755535
4025,2.720482279
4026,1.982423717
4027,2.867506559
4029,2.36339127
4030,3.247363219
4031,2.289206082
4032,2.338680546
4033,3.060495615
4034,3.39591964
4035,2.279596607
4037,3.623604386
4038,1.73637742
4039,2.84432548
4040,2.301507036
4041,3.039574898
4043,3.579999907
4044,3.187379333
4045,1.665786929
4046,2.773959614
4047,3.676904029
4048,2.894328589
4049,3.037860092
4050,2.624335815
4051,2.609537325
4052,3.071294372
4053,3.078824082
4054,3.362822471
4055,2.087057278
4056,1.911833818
4058,3.462113958
4059,3.289439204
4060,2.856947552
4061,2.399970526
4062,3.157244473
4064,2.849338889
4065,2.94272446
4066,3.426723909
4067,1.645648992
4068,2.946570718
4069,2.382357514
4070,1.929996392
4072,2.766367803
4073,2.951758861
4074,3.084540863
4078,3.134283875
4079,2.751146219
4080,2.83068283
4081,2.736080098
4082,2.961406417
4084,2.547517557
4085,3.089021692
4087,3.125272193
4088,3.340818564
4089,2.799435798
4090,2.638175176
4091,3.194049294
4092,3.2984142
4093,2.706786044
4094,3.067848362
4095,3.461594469
4096,2.252460169
4097,3.020404061
4098,1.95997599
4099,2.721878789
4100,3.177308579
4101,2.692908203
4102,2.988319903
4103,2.76160424
4105,2.442618305
4106,3.131283419
4107,2.751336267
4108,2.626696437
4109,2.27845714
4110,3.141167227
4111,2.199625158
4112,3.487503857
4113,1.72240543
4114,3.089537145
4115,1.926405643
4116,3.21268147
4117,2.344542045
4118,1.784104287
4119,2.364736297
4120,3.788176312
4121,3.866623717
4122,2.492845296
4123,2.528987894
4124,3.328480762
4125,2.943906989
4126,3.347161624
4127,2.005057626
4128,3.711743403
4129,3.260707528
4133,2.685975255
4134,2.97185103
4135,2.41047798
4136,2.720914839
4137,3.194391958
4138,3.085334205
4139,2.764909468
4140,2.748876975
4141,2.044119671
4142,2.102621928
4144,3.30268953
4145,2.186019372
4146,2.380837605
4147,2.787304209
4148,2.674005846
4149,2.87481767
4150,1.867887009
4151,1.559724863
4152,2.052140073
4153,2.133805937
4154,2.389779547
4155,2.911029668
4156,3.372003687
4158,3.657109448
4159,3.105232846
4160,1.98394804
4161,2.926765422
4162,2.430373706
4163,2.428047654
4164,2.773548345
4165,2.747281864
4166,2.113209787
4167,2.194551025
4168,3.032665401
4169,2.978381952
4170,1.85892575
4171,2.428608277
4172,2.27471067
4173,2.710452582
4174,2.101592468
4175,2.313851328
4176,3.192517129
4177,2.893776938
4178,2.191664056
4179,1.974502356
4180,2.923991498
4181,2.3851628
4182,2.930294769
4183,2.816439872
4184,2.32577626
4185,3.085920193
4186,2.257990652
4187,2.464541881
4188,2.774092613
4189,2.858048507
4190,2.401300066
4191,2.884509589
4192,2.818595008
4193,3.092974343
4194,2.526692597
4195,2.552347546
4196,2.050495702
4198,2.444940915
4199,2.291733043
4200,3.191361687
4203,2.348754059
4204,2.91059454
4205,2.841432546
4206,2.90926053
4207,3.349007019
4208,2.186167902
4209,1.961824291
4211,3.157574103
4212,2.756614425
4213,2.074538775
4214,2.388487731
4215,2.97605373
4216,2.170279265
4217,3.041295342
4218,3.360917778
4219,2.186069804
4220,2.757463287
4221,3.522430583
4222,2.656747644
4224,2.652636385
4225,2.885311987
4226,2.665400359
4227,2.20292612
4228,2.464491808
4229,3.31305155
4230,3.559138717
4232,2.476858917
4233,3.0515032
4234,2.584355755
4235,3.097678678
4236,2.604570183
4238,2.797178878
4239,3.391029022
4240,3.107241712
4241,2.979656389
4242,3.080233275
4243,3.197851121
4245,1.918738693
4246,2.820296616
4247,3.280259249
4248,2.684594195
4249,2.775503578
4250,2.014847214
4251,2.304416812
4252,2.963145238
4253,3.259658136
4254,2.625746772
4255,3.116956701
4256,1.454714202
4257,2.729414534
4259,2.930430928
4260,3.513151241
4261,2.932610085
4262,2.934774916
4263,2.60625709
4264,2.831482099
4265,1.892649063
4266,2.942265931
4267,3.015040054
4268,2.377955657
4269,2.757486224
4271,2.679956527
4274,2.598556293
4276,2.15257872
4278,2.870038279
4279,2.770833147
4280,1.83785178
4281,3.460509749
4282,2.206695996
4283,2.764541492
4284,1.986357089
4285,2.598729584
4287,2.603935629
4288,2.040801646
4289,2.351756205
4290,2.998750399
4291,3.120882546
4292,3.077460432
4293,1.817216628
4294,3.372028011
4295,2.61622624
4296,2.895191124
4297,3.186940187
4298,3.684976451
4299,2.447941008
4300,3.285014496
4301,2.336526091
4302,3.364513046
4303,3.472370639
4304,2.738515653
4305,2.152258836
4306,2.763207594
4308,2.906102127
4309,1.993470505
4310,3.145545914
4311,2.872228354
4312,3.045304032
4313,2.02927359
4314,1.882562345
4315,2.433045122
4316,2.900634689
4317,3.837282104
4318,2.681940856
4319,2.194453649
4320,2.24747355
4321,2.270943309
4322,2.364071553
4323,2.784242458
4324,2.218196945
4325,2.032711396
4326,3.179655903
4327,3.55689652
4329,2.407118397
4330,2.186775155
4331,2.423453654
4332,2.222034022
4333,2.241196543
4334,2.896882098
4335,2.139178148
4336,2.841443256
4337,3.131784597
4338,2.810666779
4339,2.85150461
4340,2.897170314
4341,2.780230186
4343,2.204047891
4345,2.502615346
4346,2.792882734
4347,2.861526274
4348,2.214641553
4350,2.44238608
4351,3.264290753
4352,2.229209296
4353,3.149084196
4354,2.854051813
4355,1.913831401
4356,3.368000902
4358,2.890448279
4360,1.930539445
4361,1.7499206
4362,3.069289648
4363,2.537123113
4364,3.525421984
4366,3.592631296
4367,2.580768909
4368,2.662194919
4369,2.514939493
4370,2.887985435
4371,2.758070185
4372,3.256865211
4373,2.15472139
4374,2.166208558
4375,3.343218163
4376,2.101470664
4377,2.927517394
4378,2.549205893
4380,2.931007531
4382,3.740947076
4383,2.692787853
4385,2.714939578
4386,1.753990965
4387,3.001657722
4388,2.455637903
4389,3.095568538
4390,2.685039662
4391,2.400808436
4392,2.571914527
4393,2.213508495
4394,3.280135384
4396,2.471337682
4397,3.1090006
4398,2.264285074
4399,2.785963958
4400,2.546577047
4401,2.555461536
4403,1.884389401
4404,1.426779387
4405,2.624333655
4406,1.578502928
4407,2.322554748
4408,2.087032693
4409,3.210450752
4410,2.268076639
4411,2.927123686
4412,2.983991326
4413,2.365738486
4414,2.165583111
4415,2.450311766
4416,3.385527265
4418,3.543694641
4419,2.936264523
4421,3.139681506
4422,2.73891578
4423,3.55060131
4424,3.02051869
4425,3.089707744
4426,2.199404581
4427,1.896602729
4428,2.688809693
4429,1.499783516
4430,3.574383145
4431,2.994518973
4432,3.809813301
4433,2.545066334
4434,2.082577113
4435,2.661852755
4438,2.959646257
4439,2.963279327
4440,3.930913538
4442,1.749229608
4443,1.86651943
4444,3.606125959
4446,2.646237053
4447,2.264963181
4449,2.06441156
4452,2.849829507
4453,2.602190604
4454,2.971041262
4455,2.571930623
4456,2.505884033
4457,3.071316356
4458,3.029098375
4460,3.890828837
4462,1.8195605
4463,2.660630685
4464,3.138224967
4465,3.66587863
4466,2.982901486
4468,2.250956951
4469,2.245774389
4470,3.366967252
4471,2.663113004
4472,2.537543048
4473,3.130443599
4474,3.255528886
4475,2.734948513
4476,2.450782707
4477,3.135795336
4478,2.597760297
4479,3.443023406
4481,3.560958918
4482,1.359111861
4483,2.473850856
4485,3.319579567
4486,2.457032034
4487,2.1900043
4488,2.546371983
4489,3.178683887
4490,2.599867904
4491,2.925256869
4492,2.935399478
4493,2.963916495
4494,3.170112462
4495,3.099153597
4496,2.239985246
4498,2.906057475
4499,2.874979812
4500,2.749103984
4501,1.750706832
4502,2.221587798
4503,2.32808912
4505,2.745584376
4506,3.260210046
4507,2.148560417
4508,2.667490702
4509,2.140411979
4510,2.002605024
4511,3.224374299
4512,1.533771549
4513,1.921466286
4514,2.150244544
4515,1.822125358
4516,3.368686876
4517,2.55086676
4518,2.331325652
4519,2.438933303
4520,1.194541923
4521,2.822172803
4522,3.271574612
4524,2.398123952
4525,2.942096453
4526,2.815713238
4527,3.596976611
4528,2.215132326
4530,1.80507178
4531,2.086332071
4532,2.997673009
4533,2.970017826
4534,3.557152656
4535,3.197428372
4536,2.503338165
4538,3.579781407
4539,2.486184853
4540,2.735224906
4541,2.790863406
4542,2.505954405
4543,2.857450474
4544,2.99168323
4545,3.191474705
4547,2.678153061
4548,3.044212623
4549,3.66556299
4550,3.367115318
4551,1.750560353
4552,2.713911766
4553,3.039993577
4554,3.069658584
4555,2.646645598
4556,2.41097764
4557,2.114081543
4558,2.724696801
4559,3.022162328
4560,2.254606792
4561,3.568291085
4562,1.707108356
4563,3.727638779
4564,2.187068321
4565,2.273258957
4566,2.536815733
4567,2.519455265
4568,2.995403276
4569,1.994527901
4570,2.787095977
4571,2.905523947
4572,3.044326566
4573,3.207694507
4574,2.162211584
4575,2.189928865
4576,2.85577361
4577,2.05695682
4578,2.032678773
4579,2.368796136
4580,3.160488269
4581,1.616492392
4582,3.171293415
4583,2.923995275
4585,1.614639517
4586,2.959434634
4587,3.348879766
4588,2.877831749
4589,2.297122343
4590,2.422168819
4591,2.056562338
4592,2.304074436
4593,2.399922359
4594,2.282425474
4595,3.115862128
4596,3.29863846
4597,3.463654685
4598,2.864765913
4599,2.17285721
4600,2.525693362
4601,2.809554589
4602,2.059069728
4603,2.433594245
4604,3.147149575
4605,2.667591045
4607,3.019067901
4608,2.40210358
4609,2.766380033
4610,2.482640871
4611,3.05788695
4612,2.49058601
4615,1.688918838
4616,2.751672329
4617,1.959626845
4618,2.614639595
4619,2.436761343
4620,3.223446462
4621,2.43836092
4622,3.829927105
4624,2.135648881
4625,2.369723282
4626,3.321105809
4627,1.93345607
4628,2.537176522
4629,3.353928431
4630,1.978551
4631,2.040484409
4632,3.037555626
4633,1.917629689
4634,2.751088363
4635,2.850818475
4636,2.539398893
4637,3.224202673
4638,2.810638121
4639,2.871120813
4640,2.993630401
4641,3.438386288
4642,2.027259865
4643,3.561606734
4644,3.024373073
4645,2.194649021
4646,2.834959168
4647,2.834090393
4648,2.801787997
4649,2.47137437
4650,2.369085982
4651,3.066544292
4652,3.383450923
4653,2.18849508
4654,2.69812699
4655,2.836290186
4656,2.333505008
4657,2.258571257
4658,2.299606066
4659,2.430660685
4660,2.091206217
4661,2.637584954
4662,2.816851657
4663,2.651666449
4664,2.669395547
4665,3.086067412
4666,2.584102909
4667,3.203546048
4668,3.051445352
4669,2.838010289
4670,2.749398664
4671,2.431179802
4672,3.402355842
4673,1.908940302
4674,3.19343612
4675,2.825972058
4677,2.115652406
4678,3.16578062
4679,2.678174149
4681,3.527587819
4682,3.021768077
4683,1.752642461
4684,2.097166205
4685,2.90364577
4686,2.87401835
4687,3.543584098
4688,2.963592476
4689,3.469130618
4690,1.817196087
4691,3.554641733
4692,2.37910876
4693,2.723483134
4694,2.881292624
4695,2.523878687
4696,3.426778062
4697,2.738480898
4698,3.530309418
4699,2.539895364
4700,3.395028919
4701,1.992330375
4702,2.57252401
4703,3.00210141
4704,2.106977448
4705,3.310602109
4706,2.533940026
4707,2.646285587
4708,2.15417813
4709,2.719010945
4710,2.703894866
4711,3.31869806
4712,2.480706615
4713,2.845939011
4714,2.48988881
4715,2.811080486
4716,2.422786471
4717,3.147785492
4718,2.398749094
4719,2.92335814
4721,2.685311733
4722,3.346745597
4723,2.855050603
4724,1.980792389
4725,2.635398248
4726,2.35876118
4727,2.947643372
4728,2.62458846
4729,3.095588153
4730,3.621741698
4732,2.497211779
4733,2.68709833
4734,2.72898639
4735,2.689044101
4736,2.581617324
4737,2.684136878
4738,3.037910577
4739,3.127402295
4740,2.688354569
4741,2.709223914
4742,2.820943314
4743,2.860426077
4744,2.568379905
4745,2.408971746
4746,1.86901096
4747,2.645329253
4748,2.42870727
4749,2.408547795
4750,3.073009057
4752,2.899437592
4753,2.619322267
4754,2.346633121
4755,2.265986277
4756,2.531498711
4757,2.000837867
4759,2.744735968
4760,2.776231859
4761,2.222230563
4763,3.17833696
4764,2.206428656
4765,2.470352534
4766,1.761675557
4768,2.071723428
4769,2.435243923
4770,2.650564521
4771,2.666286369
4772,3.402254729
4773,2.503981497
4774,2.857705381
4775,2.85771781
4776,2.871621562
4777,3.106860599
4778,2.741795626
4779,2.375529216
4780,3.05425612
4781,2.760039466
4782,2.358432654
4783,2.187224756
4784,2.164664481
4785,2.332119584
4786,2.91148845
4787,2.858100176
4788,3.286224492
4789,3.080960096
4790,1.842385704
4791,1.43853528
4794,2.414497212
4795,2.880807612
4796,2.459325121
4797,3.014403003
4798,3.313850178
4799,3.171228729
4800,2.824944603
4802,2.821825509
4803,2.146651089
4804,3.519847353
4805,2.642588534
4806,2.345200485
4807,2.208603597
4808,3.024114064
4809,2.022899387
4811,2.002177846
4812,2.734475406
4813,1.509655784
4814,2.760965459
4815,1.86462878
4816,2.503136538
4817,2.932986777
4818,1.707232768
4819,2.1667962
4820,2.924160399
4821,2.776826931
4822,2.786771178
4824,1.736836173
4825,2.306317463
4826,1.99269919
4827,2.851667724
4828,2.620441865
4829,2.346250835
4830,3.0600808
4831,3.202446962
4832,2.735753892
4833,3.317236607
4834,2.421561972
4835,3.340166404
4836,2.808438052
4837,3.198826066
4838,2.890020067
4839,1.967225876
4840,1.920286529
4841,1.799371932
4842,1.74018779
4843,2.751057294
4844,3.490257208
4846,2.47201553
4847,2.922012757
4848,3.010813734
4849,3.397471917
4850,2.78959119
4851,2.226503689
4852,2.933947671
4853,2.676783058
4854,2.706277024
4855,2.486171943
4856,1.511141947
4857,2.829251006
4858,3.759017815
4859,2.331215998
4860,3.089957767
4861,3.348117086
4862,1.943178603
4863,2.629426767
4864,2.779563492
4865,2.789554475
4866,1.913047274
4867,2.152858687
4868,2.199367779
4869,3.400695788
4870,2.387246901
4871,3.132131338
4872,2.044392886
4873,2.153388688
4874,2.880319716
4875,2.933472727
4876,2.33343329
4878,2.686047269
4879,1.74667098
4880,3.128734176
4881,3.053223175
4882,2.563105843
4883,2.630331082
4884,2.825365495
4885,2.309052861
4886,2.971135859
4887,3.145187828
4888,2.736202601
4890,2.460570702
4891,1.94934569
4892,3.30645276
4893,3.113376371
4894,1.796364299
4895,3.198284151
4896,3.327775905
4897,3.32070814
4898,2.018014783
4899,3.133420728
4900,3.12662763
4901,2.469434291
4902,3.013043161
4903,2.732838375
4904,2.773719554
4905,2.28188286
4906,3.103378732
4907,2.913531636
4908,2.747230531
4909,2.04158821
4911,2.026092823
4912,2.457873239
4913,2.250604121
4914,2.804240833
4915,2.779747122
4916,2.801049856
4917,3.220109228
4918,1.151687468
4919,3.339493333
4921,2.521006299
4922,2.292704788
4923,3.21187695
4924,3.340120787
4925,1.955899228
4926,2.489847662
4927,3.054335303
4928,2.668737382
4929,3.477979905
4930,2.517828865
4932,2.944123379
4933,2.90299487
4934,3.291133581
4935,3.279630046
4936,2.548656186
4937,2.802482335
4938,2.625596154
4939,2.500357952
4940,2.584024002
4941,2.265927262
4942,3.172653805
4943,2.509602965
4944,3.227545532
4945,2.91692331
4946,2.312768942
4947,2.705423982
4948,1.976093172
4949,3.079282704
4950,2.585051231
4951,3.739235492
4952,1.736400541
4953,2.666543198
4954,3.089671123
4955,2.80986456
4956,2.286824787
4957,2.588712397
4958,1.972377831
4959,3.057500445
4960,3.584147552
4961,3.276124983
4962,3.229816768
4963,1.996587004
4964,2.978903737
4965,2.075593711
4966,2.282011762
4967,2.408760637
4968,2.959754988
4969,2.558275889
4970,1.798292838
4971,3.130781447
4972,3.017059789
4973,3.039166614
4974,3.197471059
4975,2.68604986
4976,2.807158833
4977,2.396270189
4978,2.668475806
4979,2.168895754
4980,2.224778293
4981,2.580561091
4982,2.098024698
4983,2.980912928
4984,2.964923118
4985,3.191600405
4986,2.921862982
4987,2.912038233
4988,2.928397807
4989,2.699775294
4990,3.201967353
4991,2.441343468
4992,3.11088054
4993,2.459382088
4994,1.96652282
4995,3.080334768
4996,2.306058026
4998,2.470547613
4999,2.578984599
5000,1.622877113